{
  "name": "core-iconset",
  "private": true,
  "dependencies": {
    "polymer": "Polymer/polymer#^0.5.0",
    "core-meta": "Polymer/core-meta#^0.5.0",
    "core-icon": "Polymer/core-icon#^0.5.0"
  },
  "version": "0.5.2",
  "homepage": "https://github.com/Polymer/core-iconset",
  "_release": "0.5.2",
  "_resolution": {
    "type": "version",
    "tag": "0.5.2",
    "commit": "fabcd6967770984f460930ec1059b950b4126828"
  },
  "_source": "git://github.com/Polymer/core-iconset.git",
  "_target": "^0.5.0",
  "_originalSource": "Polymer/core-iconset"
}