{
  "name": "core-selection",
  "private": true,
  "dependencies": {
    "polymer": "Polymer/polymer#^0.5.0"
  },
  "devDependencies": {
    "web-component-tester": "Polymer/web-component-tester#^1.1.0"
  },
  "version": "0.5.2",
  "homepage": "https://github.com/Polymer/core-selection",
  "_release": "0.5.2",
  "_resolution": {
    "type": "version",
    "tag": "0.5.2",
    "commit": "26eeb0c0098cfcf4e57fbc10c6e4d0c9279d7510"
  },
  "_source": "git://github.com/Polymer/core-selection.git",
  "_target": "^0.5.0",
  "_originalSource": "Polymer/core-selection"
}