{
  "name": "core-resizable",
  "private": true,
  "devDependencies": {
    "web-component-tester": "Polymer/web-component-tester#master"
  },
  "version": "0.5.2",
  "homepage": "https://github.com/Polymer/core-resizable",
  "_release": "0.5.2",
  "_resolution": {
    "type": "version",
    "tag": "0.5.2",
    "commit": "d01157d3c4cd5df10de654ad1b9b287bbd55e08f"
  },
  "_source": "git://github.com/Polymer/core-resizable.git",
  "_target": "^0.5.0",
  "_originalSource": "Polymer/core-resizable"
}