{
  "name": "core-iconset-svg",
  "private": true,
  "dependencies": {
    "polymer": "Polymer/polymer#^0.5.0",
    "core-iconset": "Polymer/core-iconset#^0.5.0"
  },
  "version": "0.5.2",
  "homepage": "https://github.com/Polymer/core-iconset-svg",
  "_release": "0.5.2",
  "_resolution": {
    "type": "version",
    "tag": "0.5.2",
    "commit": "998ef1ee71f358cd0e95e6085945c0182d86c224"
  },
  "_source": "git://github.com/Polymer/core-iconset-svg.git",
  "_target": "^0.5.0",
  "_originalSource": "Polymer/core-iconset-svg"
}