{
  "name": "core-icon",
  "private": true,
  "dependencies": {
    "core-iconset": "Polymer/core-iconset#^0.5.0",
    "core-icons": "Polymer/core-icons#^0.5.0"
  },
  "version": "0.5.2",
  "homepage": "https://github.com/Polymer/core-icon",
  "_release": "0.5.2",
  "_resolution": {
    "type": "version",
    "tag": "0.5.2",
    "commit": "4b6ec20167ad5c176c403ee4ca2387f73dd11532"
  },
  "_source": "git://github.com/Polymer/core-icon.git",
  "_target": "^0.5.0",
  "_originalSource": "Polymer/core-icon"
}